{
  "model_name": "svm",
  "source": "safe",
  "roc_auc": 0.912160062160062,
  "f1": 0.8733086272379019,
  "accuracy": 0.8545918367346939,
  "precision": 0.8372249972249973,
  "recall": 0.9156695156695156,
  "roc_auc_std": 0.0425038601022829,
  "cv_time_seconds": 2.8636130999948364
}