{
  "model_name": "logistic_regression",
  "roc_auc": 0.9149184149184147,
  "accuracy": 0.8379251700680272,
  "precision": 0.823922273922274,
  "recall": 0.9082621082621084,
  "f1": 0.8607171305284511
}