{
  "model_name": "logistic_regression",
  "source": "safe",
  "roc_auc": 0.9149184149184147,
  "f1": 0.8607171305284511,
  "accuracy": 0.8379251700680272,
  "precision": 0.823922273922274,
  "recall": 0.9082621082621084,
  "roc_auc_std": 0.0370053502863508,
  "cv_time_seconds": 5.185330999986036
}