model_name,accuracy,precision,recall,f1,roc_auc,training_time_seconds
random_forest,1.0,1.0,1.0,1.0,1.0,0.6498164000222459
lightgbm,1.0,1.0,1.0,1.0,1.0,2.2213996999780647
xgboost,1.0,1.0,1.0,1.0,1.0,1.500043599982746
decision_tree,0.9853658536585366,1.0,0.9714285714285714,0.9855072463768116,0.9857142857142858,0.02888070000335574
svm,0.9219512195121952,0.908256880733945,0.9428571428571428,0.9252336448598131,0.9778095238095238,0.1602196999883745
logistic_regression,0.8097560975609757,0.7619047619047619,0.9142857142857143,0.8311688311688312,0.9318095238095238,0.05112540000118315
naive_bayes,0.824390243902439,0.7948717948717948,0.8857142857142857,0.8378378378378378,0.9028571428571429,0.01945349999004975
